Country,Category,Timestamp
India,Technology,2025-01-08 23:52:08.783361
India,General,2025-01-08 23:52:45.857890
India,Business,2025-01-08 23:52:51.203354
India,Business,2025-01-08 23:52:53.171084
India,Technology,2025-01-09 16:54:40.500515
India,Technology,2025-01-10 11:24:07.634119
United States,Health,2025-01-10 11:45:31.092823
United States,General,2025-01-10 11:47:20.985683
United States,General,2025-01-10 20:41:42.933558
United States,General,2025-02-10 23:43:25.061558
United States,General,2025-03-20 13:06:06.575752
United States,General,2025-04-08 11:46:56.085560
United States,General,2025-04-08 11:58:42.603342
United States,Technology,2025-04-08 11:59:19.500172
